{
    "name": "root",
    "gauges": {
        "MoveToGoal.Policy.Entropy.mean": {
            "value": 1.062255859375,
            "min": 1.062255859375,
            "max": 1.097795844078064,
            "count": 4
        },
        "MoveToGoal.Policy.Entropy.sum": {
            "value": 10596.001953125,
            "min": 10596.001953125,
            "max": 11224.962890625,
            "count": 4
        },
        "MoveToGoal.Environment.EpisodeLength.mean": {
            "value": 13.35632183908046,
            "min": 13.175388967468175,
            "max": 13.42507204610951,
            "count": 4
        },
        "MoveToGoal.Environment.EpisodeLength.sum": {
            "value": 9296.0,
            "min": 9295.0,
            "max": 9317.0,
            "count": 4
        },
        "MoveToGoal.Step.mean": {
            "value": 39986.0,
            "min": 9995.0,
            "max": 39986.0,
            "count": 4
        },
        "MoveToGoal.Step.sum": {
            "value": 39986.0,
            "min": 9995.0,
            "max": 39986.0,
            "count": 4
        },
        "MoveToGoal.Policy.ExtrinsicValueEstimate.mean": {
            "value": 0.9146354794502258,
            "min": 0.8874537348747253,
            "max": 0.9172386527061462,
            "count": 4
        },
        "MoveToGoal.Policy.ExtrinsicValueEstimate.sum": {
            "value": 636.5863037109375,
            "min": 615.8928833007812,
            "max": 649.4049682617188,
            "count": 4
        },
        "MoveToGoal.Environment.CumulativeReward.mean": {
            "value": 0.9741379310344828,
            "min": 0.9596541786743515,
            "max": 0.9872340425531915,
            "count": 4
        },
        "MoveToGoal.Environment.CumulativeReward.sum": {
            "value": 678.0,
            "min": 666.0,
            "max": 696.0,
            "count": 4
        },
        "MoveToGoal.Policy.ExtrinsicReward.mean": {
            "value": 0.9741379310344828,
            "min": 0.9596541786743515,
            "max": 0.9872340425531915,
            "count": 4
        },
        "MoveToGoal.Policy.ExtrinsicReward.sum": {
            "value": 678.0,
            "min": 666.0,
            "max": 696.0,
            "count": 4
        },
        "MoveToGoal.Losses.PolicyLoss.mean": {
            "value": 0.24012184452078036,
            "min": 0.24012184452078036,
            "max": 0.2520365116322095,
            "count": 4
        },
        "MoveToGoal.Losses.PolicyLoss.sum": {
            "value": 21.851087851391014,
            "min": 21.73676332143767,
            "max": 23.18735907016328,
            "count": 4
        },
        "MoveToGoal.Losses.ValueLoss.mean": {
            "value": 0.021405757017945275,
            "min": 0.011720044528279386,
            "max": 0.0371972723415294,
            "count": 4
        },
        "MoveToGoal.Losses.ValueLoss.sum": {
            "value": 1.94792388863302,
            "min": 1.0548040075451448,
            "max": 3.3477545107376456,
            "count": 4
        },
        "MoveToGoal.Policy.LearningRate.mean": {
            "value": 0.000279013741061356,
            "min": 0.000279013741061356,
            "max": 0.00029697699434100223,
            "count": 4
        },
        "MoveToGoal.Policy.LearningRate.sum": {
            "value": 0.025390250436583398,
            "min": 0.025390250436583398,
            "max": 0.026770037676654198,
            "count": 4
        },
        "MoveToGoal.Policy.Epsilon.mean": {
            "value": 0.193004578021978,
            "min": 0.193004578021978,
            "max": 0.1989923311111111,
            "count": 4
        },
        "MoveToGoal.Policy.Epsilon.sum": {
            "value": 17.5634166,
            "min": 17.5499284,
            "max": 18.123345800000006,
            "count": 4
        },
        "MoveToGoal.Policy.Beta.mean": {
            "value": 0.0004657224323076923,
            "min": 0.0004657224323076923,
            "max": 0.0004950624224444444,
            "count": 4
        },
        "MoveToGoal.Policy.Beta.sum": {
            "value": 0.04238074134,
            "min": 0.04238074134,
            "max": 0.04464439442,
            "count": 4
        },
        "MoveToGoal.IsTraining.mean": {
            "value": 1.0,
            "min": 1.0,
            "max": 1.0,
            "count": 4
        },
        "MoveToGoal.IsTraining.sum": {
            "value": 1.0,
            "min": 1.0,
            "max": 1.0,
            "count": 4
        }
    },
    "metadata": {
        "timer_format_version": "0.1.0",
        "start_time_seconds": "1685657210",
        "python_version": "3.7.9 (tags/v3.7.9:13c94747c7, Aug 17 2020, 18:58:18) [MSC v.1900 64 bit (AMD64)]",
        "command_line_arguments": "E:\\School\\MUC250 AI-Machine Learning in Arts I\\MUC250 Final Project\\venv\\Scripts\\mlagents-learn config/moveToGoal.yaml --initialize-from=moveToGoal3 --run-id=moveToGoal4 --force",
        "mlagents_version": "0.29.0",
        "mlagents_envs_version": "0.29.0",
        "communication_protocol_version": "1.5.0",
        "pytorch_version": "1.7.0+cu110",
        "numpy_version": "1.21.2",
        "end_time_seconds": "1685657464"
    },
    "total": 254.0149659,
    "count": 1,
    "self": 0.005701499999986481,
    "children": {
        "run_training.setup": {
            "total": 0.09531339999999999,
            "count": 1,
            "self": 0.09531339999999999
        },
        "TrainerController.start_learning": {
            "total": 253.913951,
            "count": 1,
            "self": 0.07622579999994628,
            "children": {
                "TrainerController._reset_env": {
                    "total": 10.6847991,
                    "count": 1,
                    "self": 10.6847991
                },
                "TrainerController.advance": {
                    "total": 243.00273240000004,
                    "count": 3617,
                    "self": 0.061418899999836185,
                    "children": {
                        "env_step": {
                            "total": 153.6843712000001,
                            "count": 3617,
                            "self": 150.43477079999906,
                            "children": {
                                "SubprocessEnvManager._take_step": {
                                    "total": 3.208100400000614,
                                    "count": 3617,
                                    "self": 0.12108760000076124,
                                    "children": {
                                        "TorchPolicy.evaluate": {
                                            "total": 3.0870127999998527,
                                            "count": 1637,
                                            "self": 1.2122071000001355,
                                            "children": {
                                                "TorchPolicy.sample_actions": {
                                                    "total": 1.8748056999997171,
                                                    "count": 1637,
                                                    "self": 1.8748056999997171
                                                }
                                            }
                                        }
                                    }
                                },
                                "workers": {
                                    "total": 0.04150000000042553,
                                    "count": 3616,
                                    "self": 0.0,
                                    "children": {
                                        "worker_root": {
                                            "total": 179.67438489999967,
                                            "count": 3616,
                                            "is_parallel": true,