{"count":1,"self":36.925488,"total":445.48205759999996,"children":{"InitializeActuators":{"count":25,"self":0.0030042999999999997,"total":0.0030042999999999997,"children":null},"InitializeSensors":{"count":25,"self":0.0010019,"total":0.0010019,"children":null},"AgentSendState":{"count":28767,"self":0.3698494,"total":1.6608009,"children":{"CollectObservations":{"count":143850,"self":0.24589719999999998,"total":0.24589719999999998,"children":null},"WriteActionMask":{"count":143850,"self":0.051132399999999995,"total":0.051132399999999995,"children":null},"RequestDecision":{"count":143850,"self":0.2576695,"total":0.99392189999999991,"children":{"AgentInfo.ToProto":{"count":143850,"self":0.1870537,"total":0.73625239999999992,"children":{"GenerateSensorData":{"count":143850,"self":0.54919869999999993,"total":0.54919869999999993,"children":null}}}}}}},"DecideAction":{"count":28767,"self":405.759872,"total":405.75986409999996,"children":null},"AgentAct":{"count":28767,"self":1.1054038,"total":1.1064042,"children":{"AgentInfo.ToProto":{"count":251,"self":0,"total":0.0010004,"children":{"GenerateSensorData":{"count":251,"self":0.0010004,"total":0.0010004,"children":null}}}}},"AgentInfo.ToProto":{"count":1921,"self":0.0066032,"total":0.025494899999999997,"children":{"GenerateSensorData":{"count":1921,"self":0.0188917,"total":0.0188917,"children":null}}}},"gauges":{"GetFood.CumulativeReward":{"count":2172,"max":12,"min":-2,"runningAverage":5.64824867,"value":7,"weightedAverage":6.99643135}},"metadata":{"timer_format_version":"0.1.0","start_time_seconds":"1686124224","unity_version":"2021.3.17f1","command_line_arguments":"C:\\Program Files\\Unity\\Hub\\Editor\\2021.3.17f1\\Editor\\Unity.exe -projectpath E:\\School\\MUC250 AI-Machine Learning in Arts I\\MUC250 Final Project -useHub -hubIPC -cloudEnvironment production -licensingIpc LicenseClient-car2n -hubSessionId 9fda98d7-b2fa-48fb-91d7-7f9b117e8f73 -accessToken qhiq0FBtQD2AOlwmKeWxF-VOWS4a1vuGA36Ig1eujGA012f","communication_protocol_version":"1.5.0","com.unity.ml-agents_version":"2.0.1","scene_name":"Sandbox2","end_time_seconds":"1686124670"}}